[
  { "address": "0x097a3a6ce1d77a11bda1ac40c08fdf9f6202103f", "earnings": "0x2086ac351052600000", "reasons": "socks" },
  {
    "address": "0xfa6863a6507c94ed52e9276f8a72479924e77a36",
    "earnings": "0x30ca024f987b900000",
    "reasons": "socks,user"
  },
  {
    "address": "0xef6fe9c9b351824c96e5c7a478c1e52badcbaee0",
    "earnings": "0x30ca024f987b900000",
    "reasons": "socks,user"
  },
  {
    "address": "0x397aca36ab63dbc1bdafc65a9916dcaee6c94e60",
    "earnings": "0x30ca024f987b900000",
    "reasons": "socks,user"
  },
  {
    "address": "0x08d816526bdc9d077dd685bd9fa49f58a5ab8e48",
    "earnings": "0x30ca024f987b900000",
    "reasons": "socks,user"
  },
  {
    "address": "0x3b16821a5dbbff86e4a88ea0621ec6be016cd79a",
    "earnings": "0x30ca024f987b900000",
    "reasons": "socks,user"
  },
  {
    "address": "0xa1d3c765e9a9655e8838bc4a9b16d5e6af024321",
    "earnings": "0x30ca024f987b900000",
    "reasons": "socks,user"
  },
  {
    "address": "0x3605780992537dcaae52a8da39238d6d883b7009",
    "earnings": "0x30ca024f987b900000",
    "reasons": "socks,user"
  },
  {
    "address": "0x6561155263438064ffdd5fe2481d872f7dba95e7",
    "earnings": "0x30ca024f987b900000",
    "reasons": "socks,user"
  },
  {
    "address": "0x54626c49ecd78b2ea5aeecaec82049ca26a04028",
    "earnings": "0x30ca024f987b900000",
    "reasons": "socks,user"
  },
  {
    "address": "0xacf4c2950107ef9b1c37faa1f9a866c8f0da88b9",
    "earnings": "0x30ca024f987b900000",
    "reasons": "socks,user"
  },
  {
    "address": "0xa289364347bfc1912ab672425abe593ec01ca56e",
    "earnings": "0x30ca024f987b900000",
    "reasons": "socks,user"
  },
  {
    "address": "0x97209d58e75a799d41e4f5f7acf3aa675c9053f2",
    "earnings": "0x30ca024f987b900000",
    "reasons": "socks,user"
  },
  {
    "address": "0xb262fa34e8fe3b664689945c9f3830a35d30e44b",
    "earnings": "0x30ca024f987b900000",
    "reasons": "socks,user"
  },
  {
    "address": "0xea271b7dc328b43a9af9d406484d1e79613f7127",
    "earnings": "0x30ca024f987b900000",
    "reasons": "socks,user"
  },
  {
    "address": "0xe248bf601aaf6dd25532e92e72630c4f9cdb0ed7",
    "earnings": "0x30ca024f987b900000",
    "reasons": "socks,user"
  },
  {
    "address": "0x60e7ba91afd79ce71635b9249072bd43a63ea390",
    "earnings": "0x30ca024f987b900000",
    "reasons": "socks,user"
  },
  {
    "address": "0x3f3b4c780dcfc39b24b0d09b1f1f1cf133b733d5",
    "earnings": "0x30ca024f987b900000",
    "reasons": "socks,user"
  },
  {
    "address": "0xb9b8de4b0b7020920c0476ff1d74d6c51aec7796",
    "earnings": "0x30ca024f987b900000",
    "reasons": "socks,user"
  },
  {
    "address": "0xfde5cff51e4ec5495a86cf8d1b1f7b915eca02e0",
    "earnings": "0x30ca024f987b900000",
    "reasons": "socks,user"
  },
  {
    "address": "0xf8f0cb8b06b2ba827ae8e7915deb0cf796aec53b",
    "earnings": "0x30ca024f987b900000",
    "reasons": "socks,user"
  },
  {
    "address": "0x110f1c53c546fb83fba121033ea22551e5e07193",
    "earnings": "0x30ca024f987b900000",
    "reasons": "socks,user"
  },
  {
    "address": "0xdc2cf5cbfa31958ed32c3ace696ee6bf1a6a19f4",
    "earnings": "0x30ca024f987b900000",
    "reasons": "socks,user"
  },
  {
    "address": "0x217ba130ce2452d3793fd524c11ddee63898aff7",
    "earnings": "0x30ca024f987b900000",
    "reasons": "socks,user"
  },
  {
    "address": "0xb827037835778e750b3ee18bc207c4830888140a",
    "earnings": "0x30ca024f987b900000",
    "reasons": "socks,user"
  },
  {
    "address": "0x9f2942ff27e40445d3cb2aad90f84c3a03574f26",
    "earnings": "0x30ca024f987b900000",
    "reasons": "socks,user"
  },
  {
    "address": "0x4a21fa249086f1227f4005398035340cdb318c20",
    "earnings": "0x30ca024f987b900000",
    "reasons": "socks,user"
  },
  {
    "address": "0xd1edec711d5ea0b4b064b678ff4a13b2c2a5ce8b",
    "earnings": "0x30ca024f987b900000",
    "reasons": "socks,user"
  },
  {
    "address": "0x9a3e204bd2f012122b228fa68bf97539da965d3b",
    "earnings": "0x30ca024f987b900000",
    "reasons": "socks,user"
  },
  {
    "address": "0x7f46bb25460dd7dae4211ca7f15ad312fc7dc75c",
    "earnings": "0x30ca024f987b900000",
    "reasons": "socks,user"
  },
  {
    "address": "0x5d509f653d7e4914af9da434bf25c53cd122763d",
    "earnings": "0x30ca024f987b900000",
    "reasons": "socks,user"
  },
  {
    "address": "0xf7dbfe7dcfba501464008554e7c5edde8ab7b0ff",
    "earnings": "0x30ca024f987b900000",
    "reasons": "socks,user"
  },
  {
    "address": "0x1db3439a222c519ab44bb1144fc28167b4fa6ee6",
    "earnings": "0x30ca024f987b900000",
    "reasons": "socks,user"
  },
  {
    "address": "0xd1f55571cbb04139716a9a5076aa69626b6df009",
    "earnings": "0x30ca1208d69308723c",
    "reasons": "socks,lp,user"
  }
]
